f1,f2,f3,target
0.0,1.0,0.04967141530112327,1.0496714153011233
0.01999866669333308,0.9998000066665778,-0.013826430117118467,1.0059722432427924
0.03998933418663416,0.9992001066609779,0.06476885381006925,1.1039582946576814
0.059964006479444595,0.9982005399352042,0.15230298564080255,1.2104675320554512
0.0799146939691727,0.9968017063026194,-0.023415337472333597,1.0533010627994586
0.09983341664682815,0.9950041652780258,-0.023413695694918055,1.071423886229936
0.11971220728891936,0.9928086358538663,0.15792128155073915,1.2704421246935247
0.1395431146442365,0.9902159962126371,0.07674347291529088,1.2065025837721646
0.15931820661424598,0.9872272833756269,-0.04694743859349521,1.0995980513963777
0.17902957342582418,0.9838436927881214,0.05425600435859647,1.217129270572542
0.19866933079506122,0.9800665778412416,-0.046341769281246226,1.1323941393550565
0.21822962308086932,0.9758974493306055,-0.04657297535702569,1.147554097054449
0.23770262642713458,0.9713379748520296,0.02419622715660341,1.2332368284357675
0.2570805518921551,0.9663899781345132,-0.1913280244657798,1.0321425055608886
0.27635564856411376,0.9610554383107709,-0.1724917832513033,1.0649193036235813
0.29552020666133955,0.955336489125606,-0.05622875292409727,1.1946279428628483
0.31456656061611776,0.9492354180824408,-0.10128311203344238,1.1625188666651163
0.3334870921408144,0.9427546655283462,0.03142473325952739,1.307666490928688
0.35227423327508994,0.9358968236779348,-0.0908024075521211,1.1973686494009037
0.3709204694129827,0.9286646355765102,-0.14123037013352915,1.1583547348559637
0.3894183423086505,0.9210609940028851,0.14656487689215542,1.4570442132036912
0.40776045305957015,0.9130889403123083,-0.02257763004865357,1.2982717633232248
0.4259394650659996,0.9047516632199634,0.006752820468792384,1.3374439487547554
0.4439481069655198,0.8960524975255252,-0.14247481862134567,1.1975257858696995
0.46177917554148284,0.8869949227792842,-0.05443827245251827,1.2943358258682487
0.479425538604203,0.8775825618903728,0.01109225897098661,1.3681003594655623
0.49688013784373675,0.8678191796776499,-0.11509935774223029,1.2495999597791563
0.5141359916531131,0.8577086813638242,0.0375698018345672,1.4094144748515043
0.5311861979208834,0.8472551110134161,-0.0600638689918805,1.318377439942419
0.5480239367918736,0.8364626499151869,-0.02916937497932768,1.355317211727733
0.5646424733950354,0.8253356149096783,-0.060170661222939695,1.329807427081774
0.5810351605373051,0.8138784566625339,0.18522781845089378,1.5801414356507328
0.5971954413623921,0.8020957578842925,-0.0013497224737933921,1.3979414767728913
0.6131168519734338,0.7899922314973651,-0.10577109289559004,1.297337990575209
0.6287930240184686,0.7775727187509279,0.08225449121031891,1.4886202339797154
0.6442176872376911,0.7648421872844884,-0.12208436499710223,1.2869755095250774
0.6593846719714731,0.751805729140895,0.020886359500475543,1.4320767606128437
0.674287911628145,0.7384685587295879,-0.19596701238797756,1.2167894579697556
0.6889214451105513,0.7248360107409052,-0.13281860488984307,1.2809388509616135
0.7032794192004103,0.7109135380122773,0.019686123586912352,1.4338790807996
0.7173560908995228,0.6967067093471654,0.07384665799954104,1.487909458246229
0.7311458297268959,0.6822212072876135,0.01713682811899705,1.4305038651335062
0.7446431199708593,0.6674628258413081,-0.011564828238824054,1.4005411175733433
0.757842562895277,0.6524374681640519,-0.03011036955892888,1.3801696615004
0.7707388788989693,0.6371511441985802,-0.14785219903674274,1.2600378240608068
0.7833269096274834,0.6216099682706644,-0.07198442083947086,1.3329524570586768
0.795601620036366,0.6058201566434628,-0.046063877095978756,1.3553578995838502
0.8075581004051143,0.5897880250310982,0.10571222262189157,1.5030583480581041
0.8191915683009983,0.5735199860724567,0.03436182895684614,1.427073383330301
0.8304973704919705,0.5570225467662173,-0.1763040155362734,1.2112159017219144
0.8414709848078965,0.5403023058681398,0.0324083969394795,1.4141816876155158
0.852108021949363,0.5233659512516495,-0.038508228041631655,1.336965745159381
0.8624042272433384,0.5062202572327784,-0.06769220003059588,1.300932284445521
0.8723554823449863,0.4888720818605275,0.06116762888408679,1.4223951930896006
0.8819578068849475,0.47132836417373997,0.1030999522495951,1.4563861233082824
0.8912073600614354,0.4535961214255773,0.09312801191161986,1.4379314933986325
0.9001004421765051,0.4356824462767121,-0.08392175232226386,1.2518611361309533
0.9086334961158833,0.41759450395835795,-0.03092123758512146,1.2953067624891197
0.9168031087717669,0.3993395294062732,0.033126343140356396,1.3492689813183965
0.9246060124080203,0.38092482436688185,0.09755451271223592,1.403085349487138
0.9320390859672263,0.3623577544766736,-0.047917423784529,1.246479416659371
0.9390993563190676,0.34364574631604705,-0.01856589766638171,1.264179204968733
0.945783999449539,0.32479628443877623,-0.11063349740060283,1.1599467864877122
0.9520903415905158,0.30581690837828934,-0.11962066240806708,1.138286587560738
0.9580158602892249,0.2867152096319555,0.08125258223941981,1.3259836521606003
0.963558185417193,0.26749882862458735,0.1356240028570823,1.3666810168988626
0.9687151001182652,0.2481754516523729,-0.007201012158033385,1.2096895396126046
0.9734845416953194,0.22875280780845939,0.10035328978920242,1.3025906392929811
0.9778646024353163,0.20923866589141926,0.036163602504763415,1.2232668708314989
0.9818535303723598,0.18964083129783424,-0.06451197546051243,1.1069823862096817
0.9854497299884603,0.16996714290024081,0.036139560550841394,1.1915564334395425
0.9886517628517197,0.15022546991168584,0.15380365664659693,1.2926808894100026
0.9914583481916864,0.13042370873814554,-0.003582603910995154,1.1182994530188368
0.9938683634116449,0.11056977982006959,0.15646436558140064,1.2609025088131152
0.99588084453764,0.09067162446430968,-0.26197451040897446,0.8245779585929752
0.9974949866040544,0.0707372016677029,0.08219025043752239,1.1504224387092798
0.998710143975583,0.05077448493357918,0.008704706823817123,1.0581893357329792
0.9995258306054791,0.03079145908246612,-0.029900735046586746,1.0004165546413584
0.9999417202299663,0.010796117058267392,0.00917607765355023,1.019913914941784
0.9999576464987401,-0.009203543268808336,-0.1987568914600893,0.7919972117698424
0.9995736030415051,-0.029199522301288815,-0.021967188783751194,0.9484068919564651
0.998789743470524,-0.049183821914170554,0.035711257151174645,0.985317178707528
0.9976063813191737,-0.06914844865406217,0.14778940447415162,1.0762473371392631
0.9960239899165367,-0.08908541693645919,-0.05182702182736474,0.8551115511527128
0.994043202198076,-0.10898675223987112,-0.08084936028931877,0.8042070896688861
0.9916648104524686,-0.12884449429552464,-0.05017570435845366,0.8126446117984902
0.9888897660047015,-0.14865070027136365,0.09154021177020742,0.9317792775035453
0.9857191788355535,-0.16839744794907702,0.03287511096596845,0.8501968418524448
0.9821543171376185,-0.1880768388928801,-0.05297602037670388,0.7411014578680345
0.9781966068080447,-0.2076810016087838,0.05132674331133561,0.8218423485105965
0.9738476308781951,-0.2272020946930871,0.009707754934804039,0.7563532911199121
0.9691091288804563,-0.24663230996883403,0.09686449905328892,0.8193413179649112
0.9639829961524481,-0.2659638756089804,-0.07020530938773524,0.6278138111557324
0.9584712830789142,-0.28518905924502086,-0.032766214659776825,0.6405160091741166
0.9525761942715953,-0.3043001710598334,-0.03921081531321577,0.6090652078985461
0.9463000876874145,-0.3232895668635036,-0.14635149481321186,0.4766590260106991
0.9396454736853249,-0.3421496511508982,0.029612027706457607,0.6271078502408843
0.9326150140222005,-0.36087288013976715,0.026105527217988936,0.5978476611004223
0.9252115207881683,-0.3794517647881545,0.000511345664246089,0.5462711016642599
0.9174379552818098,-0.397878873789916,-0.023458713337514692,0.4961003681543791
0.9092974268256817,-0.4161468365471424,-0.14153707420504144,0.3516135160734979
0.9007931915226273,-0.43424834611830043,-0.04206453227653591,0.42448031312779094
0.8919286509533796,-0.45217616214091194,-0.03427145165267695,0.40548103715979067
0.8827073508159741,-0.4699231137276022,-0.0802277269221619,0.33255651016620996
0.8731329795075164,-0.4874821023343594,-0.016128571166600915,0.3695223060065561
0.8632093666488737,-0.5048461045998576,0.040405085681453845,0.39876834773047
0.8529404815528762,-0.5220081751547073,0.18861859012105303,0.5195508965192219
0.8423304316366457,-0.5389614493995115,0.017457781283183895,0.320826763520318
0.8313834607786831,-0.5556991462506127,0.02575503907227644,0.30143935360034685
0.8201039476213741,-0.5722145708524369,-0.007444591576616722,0.24044478519232046
0.8084964038195901,-0.5885011172553458,-0.19187712152990416,0.028118165034340115
0.7965654722360865,-0.6045522710579296,-0.002651387544921688,0.1893618136332352
0.7843159250844198,-0.6203616120126798,0.006023020994102644,0.16997733406584267
0.7717526620201257,-0.6359228165940027,0.24632421124852863,0.38215405667465163
0.7588807081809218,-0.6512296605275458,-0.019236096478112252,0.08841495117526371
0.74570521217672,-0.6662760212798244,0.03015473423336125,0.10958392513025685
0.7322314440302514,-0.6810558805071525,-0.0034711769705243313,0.0477043865525746
0.7184647930691263,-0.695563326462902,-0.11686780376195322,-0.09396633715572894
0.7044107657701761,-0.7097925563621205,0.11428228145150206,0.10890049085955773
0.6900749835569364,-0.7237378787025686,0.07519330326867742,0.04153040812304527
0.675463180551151,-0.7373937155412454,0.0791031947043047,0.01717265971421021
0.6605812012792007,-0.7507546047254909,-0.09093874547947389,-0.1811121489257641
0.6454349983343708,-0.7638152020777741,0.14027943109360994,0.021899227350206635
0.6300306299958922,-0.776570283533293,-0.1401851062792281,-0.2867247598166289
0.6143742578057118,-0.7890147472295311,0.05868570938002703,-0.11595478004379234
0.5984721441039564,-0.8011436155469337,0.21904556258099786,0.016374091138020602
0.5823306495240819,-0.81295203709989,-0.09905363251306884,-0.32967502008887695
0.5659562304487028,-0.8244352886772223,-0.05662977296027719,-0.3151088311887967
0.5493554364271266,-0.8355887771314077,0.009965136508764122,-0.27626820419551695
0.5325349075556212,-0.8464080412157756,-0.05034756541161992,-0.3642206990717744
0.5155013718214642,-0.8568887533689473,-0.15506634310661327,-0.49645372465409643
0.49826164241183857,-0.8670267214458024,0.006856297480602733,-0.3619087815533611
0.48082261498864826,-0.8768178903942815,-0.10623037137261049,-0.5022256467782438
0.4631912649303452,-0.886258343877352,0.04735924306351816,-0.37570783588348866
0.44537464454187115,-0.8953443058394921,-0.09194242342338033,-0.5419120847210013
0.4273798802338298,-0.9040721420170612,0.15499344050175395,-0.3216988212814775
0.4092141696720173,-0.912438361391958,-0.07832532923362372,-0.5815495209535644
0.3908847788984522,-0.9204396175879807,-0.03220615162056756,-0.561760990310096
0.3723990394250553,-0.9280727102093328,0.08135172173696698,-0.47432194904731056
0.3537643453011427,-0.9353345861207388,-0.12308643164339553,-0.7046566724629917
0.33498815015590466,-0.9422223406686583,0.022745993460412943,-0.5844881970523407
0.3160779642170538,-0.948733218843107,0.13071427542824282,-0.5019409791978104
0.2970413513068324,-0.9548646163796264,-0.16074832345612278,-0.8185715885289168
0.2778859258165868,-0.9606140808009522,0.018463385853230423,-0.6642647691311351
0.25861934966111083,-0.9659793123979747,0.025988279424842355,-0.6813716833120215
0.23924932921398243,-0.9709581651495905,0.07818228717773104,-0.6535265487578771
0.21978361222511694,-0.9755486475810826,-0.1236950710878082,-0.8794601064437739
0.20022998472177053,-0.9797489235606842,-0.13204566130842763,-0.9115646001473413
0.18059626789423291,-0.9835573130340064,0.05219415656168977,-0.7507668885780837
0.16089031496745576,-0.9869722926960376,0.029698467323318607,-0.7963835104052632
0.1411200080598672,-0.9899924966004454,0.025049285034587657,-0.8238232035059905
0.12129325503062975,-0.9926167167059371,0.03464482094969757,-0.8366786407256098
0.10141798631660186,-0.9948439033594595,-0.06800247215784909,-0.9614283892007067
0.08150215176026912,-0.9966731657160466,0.023225369716100355,-0.8919456442396771
0.06155371742991315,-0.9981037720951457,0.029307247329868127,-0.9072428073353644
0.04158066243329049,-0.9991351502732795,-0.07143514180263678,-1.0289896296426257
0.02159097572609596,-0.9997668877129283,0.18657745111447566,-0.7915984608723567
0.0015926529164868282,-0.9999987317275395,0.04738329209117875,-0.951022786719874
-0.01840630693305381,-0.9998305895825983,-0.11913034972026487,-1.137367246235917
-0.03839790450523538,-0.9992625285327209,0.06565536086338297,-0.9720050721745732
-0.058374143427580086,-0.9982947757947531,-0.09746816702273214,-1.1541370862450655
-0.0783270334708653,-0.9969277184568869,0.07870846037424521,-0.996546291553507
-0.09824859374510868,-0.9951619033238304,0.11585955790074041,-0.9775509391681987
-0.11813085589181781,-0.9929980366980926,-0.08206823183517105,-1.1931971244250814
-0.13796586727122728,-0.990436984097473,0.09633761292443219,-1.0320652384442681
-0.15774569414324865,-0.9874797699088649,0.041278092693649834,-1.1039473713584638
-0.17746242484086058,-0.9841275769785145,0.082206015999449,-1.079383985819926
-0.19710817293466984,-0.9803817461388988,0.18967929826539476,-0.9878106208081738
-0.21667508038737962,-0.9762437756724099,-0.02453881160028705,-1.2174576676600768
-0.236155320696897,-0.9717153207120621,-0.07537361643574897,-1.283244257844708
-0.2555411020268312,-0.9667981925794611,-0.08895144296255234,-1.3112907375688447
-0.274824670323124,-0.9614943580602988,-0.08158102849654383,-1.3179000568799668
-0.2939983124155676,-0.9558059386176664,-0.007710170941410421,-1.2575144219746444
-0.3130543591029702,-0.9497352095434962,0.03411519748166439,-1.228674371164802
-0.3319851882207341,-0.9432845990484758,0.027669079933001908,-1.247600707336208
-0.35078322768961984,-0.9364566872907963,0.08271832490360238,-1.2045215900768138
-0.3694409585444771,-0.9292542053441233,0.001300189187790702,-1.2973949747008098
-0.3879509179417303,-0.9216800341052034,0.1453534077157317,-1.164277544331202
-0.4063057021444168,-0.9137372031415447,-0.02646568332379561,-1.346508588609757
-0.4244979694835826,-0.9054288894796296,0.2720169166589619,-1.0579099423042504
-0.44252044329485246,-0.896758416334147,0.06256673477650063,-1.2767121248524989
-0.4603659148289983,-0.8877292517787501,-0.08571575564162826,-1.4338109222493767
-0.47802724613534286,-0.878345007358874,-0.10708924980611123,-1.4634615033003282
-0.4954973729168449,-0.8686094366471648,0.04824724152431853,-1.3158595680396912
-0.5127693073557238,-0.8585264337421017,-0.02234627853258509,-1.3936420196304107
-0.5298361409084934,-0.848100031710408,0.0714000494092092,-1.3065361232096921
-0.5466910470692872,-0.83733440097388,0.047323762457354486,-1.3367016855858127
-0.56332728410037,-0.8262338476412722,-0.007282891265687277,-1.3968440230073293
-0.5797381977287431,-0.8148028117859123,-0.0846793718068405,-1.4792203813214961
-0.5959172238077642,-0.8030458656697306,-0.15148472246858646,-1.5504478119460814
-0.6118578909427193,-0.7909677119144165,-0.04465149520670211,-1.4474770980638378
-0.6275538230792937,-0.7785731816204322,0.08563987943234724,-1.3204871252673789
-0.6429987420539088,-0.7658672324346374,0.021409374413020398,-1.387456600075526
-0.6581864701049049,-0.7528549465672953,-0.12457387787119881,-1.5356152945433992
-0.6731109323435617,-0.7395415287592585,0.0173180925851182,-1.395334368517702
-0.6877661591839738,-0.7259323042001402,0.03853173797288368,-1.37516672541123
-0.7021462887308054,-0.7120327163983102,-0.08838574362011331,-1.5025647487492289
-0.7162455691239705,-0.6978483250035638,0.015372510594552791,-1.3987213835329815
-0.7300583608392995,-0.6833848035833362,0.00582087184459999,-1.4076222925780357
-0.7435791389442746,-0.6686479373533513,-0.11429702978306232,-1.5265241060806882
-0.7568024953079282,-0.6536436208636119,0.03577873603482833,-1.374667380136712
-0.7697231407640244,-0.6383778556406589,0.05607845263682344,-1.35202254376786
-0.7823359072266528,-0.6228567477870415,0.1083051243175277,-1.2968875306961667
-0.7946357497573974,-0.6070865055389545,0.1053802052034903,-1.2963420500928617
-0.8066177485832405,-0.5910734367830314,-0.13776693679570912,-1.535458122161981
-0.8182771110644103,-0.5748239465332692,-0.09378250399151228,-1.4868835615891918
-0.8296091736113709,-0.55834453436911,0.05150352672086598,-1.336450181259615
-0.8406094035501945,-0.5416417918356986,0.051378595091220884,-1.3308726002946722
-0.8512734009355745,-0.5247223998073464,0.0515047686306048,-1.3244910321123162
-0.8615969003107405,-0.5075931258152773,0.38527314906547216,-0.9839168770605458
-0.8715757724135882,-0.4902608213406994,0.0570890510693167,-1.3047475426849708
-0.8812060258283253,-0.47273241907430985,0.1135565640180599,-1.2403818808845752
-0.8904838085819885,-0.4550149301433047,0.09540017634932024,-1.250098562375973
-0.8994054096851777,-0.43711544130702784,0.0651391251305798,-1.2713817258616258
-0.9079672606164054,-0.41904111212235556,-0.031526924464034566,-1.3585352972027955
-0.9161659367494549,-0.40079917207997545,0.07589692204932674,-1.2410681867801037
-0.9239981587231879,-0.38239691771268025,-0.07728252145375719,-1.3836775978896252
-0.9314607937532425,-0.3638417096768584,-0.02368186067400089,-1.3189843641041017
-0.9385508568851079,-0.3451409698083231,-0.04853635478291035,-1.3322281814763413
-0.9452655121880633,-0.3263021781536835,0.008187413938632256,-1.2633802764031146
-0.9516020738895161,-0.30733286997841935,0.23146585666735087,-1.0274690872005845
-0.9575580074492711,-0.2882406327528816,-0.18672651925917483,-1.4325251594613277
-0.9631309305733167,-0.26903310311739903,0.06862601903745134,-1.1635380146532643
-0.9683186141667072,-0.2497179638277306,-0.16127158711896517,-1.379308165113403
-0.9731189832251739,-0.23030294068205867,-0.04719318657894335,-1.250615110486176
-0.977530117665097,-0.2107957994307797,0.10889505969673662,-1.07943085739914
-0.9815502530915156,-0.19120434267030076,0.006428001909546278,-1.1663265938522702
-0.9851777815038595,-0.1715364067221118,-0.10777447779293062,-1.2644886660189019
-0.9884112519391306,-0.1517998584983547,-0.07153037092599683,-1.2117414813634821
-0.991249371052267,-0.13200259235517026,0.06795977489346759,-1.0552921885139697
-0.9936910036334645,-0.11215252693505398,-0.07303666317171367,-1.1788801937402322
-0.9957351730622453,-0.09225760199951166,0.021645858958197487,-1.0663469161035595
-0.9973810616980933,-0.07232577525325448,0.004557183990381379,-1.0651496529609665
-0.9986280112074989,-0.052365019161225934,-0.06516003476058171,-1.1161530651293066
-0.999475522827284,-0.03238331775972473,0.2143944089325326,-0.8174644316544762
-0.9999232575641008,-0.01238866346289056,0.06339190223180112,-0.9489200187951902
-0.9999710363300245,0.007610946134147902,-0.20251425866576073,-1.1948743488616373
-0.9996188400141854,0.02760751145421152,0.018645431476942764,-0.9533658970830312
-0.9988668094904142,0.047593034137787815,-0.0661786464768388,-1.0174524218294652
-0.9977152455608933,0.0675595202422752,0.0852433334796224,-0.8449123918389957
-0.9961646088358407,0.0874989834394464,-0.07925207384327007,-0.9879176992396643
-0.9942155195492713,0.10740344820988024,-0.011473644146689901,-0.898285715486081
-0.9918687573109126,0.12726495303305616,0.050498727898045714,-0.8141050763798108
-0.9891252607943698,0.1470755535718631,0.08657551941701215,-0.7554741878054946
-0.9859861273616704,0.1668273258502217,-0.12002964070557763,-0.9391884422170262
-0.9824526126243325,0.18651236942257576,-0.03345012358409484,-0.8293903667858515
-0.9785261299411385,0.20612281053395834,-0.04749453111609562,-0.8198978505232758
-0.9742082498528091,0.2256508052693957,-0.0653329232573712,-0.8138903678407845
-0.9695006994538088,0.24508854269136174,0.1765454240281097,-0.5478667327343374
-0.9644053617015305,0.2644282479640558,0.040498171096095555,-0.6594789426413791
-0.9589242746631385,0.28366218546322625,-0.12608839543350453,-0.8013504846334167
-0.9530596307003675,0.3027826618703244,0.09178619470547761,-0.5584907741245655
-0.9468137755926089,0.3217820292497218,0.21221561970126335,-0.4128161266416238
-0.9401892075986283,0.3406526881077901,0.1032465260551147,-0.4962899934357235
-0.9331885764572976,0.3593870904325897,-0.15193699659540136,-0.7257384826201092
-0.9258146823277321,0.37797774271298107,-0.04842340728662514,-0.5962603469013763
-0.918070474669267,0.39641720893592247,0.12669111491866228,-0.3949621508146822
-0.9099590510617106,0.4146981135607818,-0.07076694656187808,-0.5660278840628069
-0.9014836559663548,0.43281314446945207,0.04438194281462285,-0.42428856868227993
-0.8926476794282346,0.45075505589109877,0.07746340534293368,-0.3644292181942022
-0.8834546557201531,0.4685166713003771,-0.0926930471578083,-0.5076310315775843
-0.8739082619290224,0.48609088628794017,-0.005952535606180008,-0.39376991124726224
-0.8640123164850744,0.5034706714021142,-0.3241267340069073,-0.6846683790898674
-0.8537707776345433,0.5206490749605794,-0.10243876413342899,-0.4355604668073929
-0.8431877418564167,0.5376192258309563,-0.025256815139316033,-0.33082533116477636
-0.8322674422239013,0.5543743361791608,-0.12477831819648495,-0.40267142424122543
-0.821014246711247,0.5709077041844536,0.16324113039316354,-0.08686541213362989
-0.8094326564466194,0.5872127167200731,-0.14301413779606328,-0.3652340775226096
-0.7975273039117043,0.6032828519984039,-0.04400444866969838,-0.2382489005829988
-0.7853029510887806,0.6191116821795987,0.013074057728609135,-0.15311721118057275
-0.7727644875559871,0.6346928759426347,0.14412732890661156,0.0060557172932591
-0.759916928531561,0.6500202010177517,-0.14358621511794395,-0.25348294263175325
-0.7467654128678123,0.6650875266792828,0.11631637521549597,0.03463848902696652
-0.7333152009956565,0.6798888261978571,0.001023306101958705,-0.05240306869584073
-0.7195716728205075,0.6944181792510162,-0.0981508651047951,-0.12330435867428635
-0.7055403255703919,0.70866977429126,0.04621034742632708,0.04933979614719514
-0.6912267715971264,0.7226379108705923,0.019905969557347004,0.05131710883081284
-0.6766367361314568,0.7363170019206192,-0.06002168771587947,-0.00034142192671705873
-0.6617760549930369,0.7497015759873078,0.006980208499001892,0.09490572949327276
-0.6466506722561834,0.7627862794194885,-0.03853135968617602,0.07760424747712905
-0.6312666378723208,0.7755658785102502,0.011351734525124805,0.15565097516305412
-0.6156301052500863,0.7880352615903476,0.06621306745210467,0.238618223792366
-0.5997473287940438,0.8001894410728057,0.15860168161453522,0.3590437938932971
-0.5836246614030073,0.8120235554478855,-0.12378154988268492,0.10461734416219332
-0.5672685519289686,0.823532871227622,0.21330333746562669,0.46956765676428003
-0.5506855425976376,0.8347127848391598,-0.1952087799522502,0.08881846228927201
-0.5338822663916443,0.8455588244661169,-0.015178509503558334,0.2964980485709143
-0.5168654443974288,0.8560666518372553,0.05883172064845765,0.39803292808828417
-0.49964188311690244,0.8662320639617282,0.028099186773503267,0.39468936761832907
-0.48221847174493154,0.8760509948102237,-0.06226995198205938,0.33156257108323284
-0.46460217941375737,0.8855195169413189,-0.020812225035727522,0.400105112491834
-0.44680005240543,0.8946338430724075,-0.049300093465883287,0.39853369720109416
-0.4288192113333959,0.9033903275945588,-0.058936475694421155,0.41563464056674176
-0.41066684829434086,0.9117854680307166,0.08496020970210247,0.5860788294384782
-0.39235022399145386,0.9198159064366391,0.035701548596504734,0.5631672310416901
-0.373876664830236,0.9274784307440359,-0.06929095952606543,0.4843108063877345
-0.35525355998804264,0.934769976045349,0.08995998754332507,0.6694764036006313
-0.3364883584585042,0.9416876258196776,0.030729952087660935,0.6359292194488343
-0.31758856607203484,0.9482286130993458,0.08128621188389601,0.711926258911207
-0.2985617424935936,0.954390321576654,0.06296288419236122,0.7187914632754216
-0.27941549819892586,0.960170286650366,-0.08289950109220723,0.5978552873592329
-0.26015749143046807,0.9655661964115179,-0.05601810401969696,0.6493906009613528
-0.2407954251341592,0.9705758925681492,0.07472936051232619,0.8045098279463162
-0.22133704387835867,0.9751973713085929,0.06103702654334649,0.8148973539735808
-0.2017901307561289,0.9794287841029711,-0.002090159396414813,0.7755484939504275
-0.18216250427209502,0.9832684384425847,0.0117327383308782,0.8128386725013679
-0.1624620152151542,0.9867147985168921,0.12776648957884248,0.9520192728805804
-0.14269654351825772,0.9897664858278148,-0.059157138883582996,0.7879128034259741
-0.12287399510655005,0.9924222797411169,0.054709738117003796,0.9242580227515705
-0.10300229873509785,0.994681117974643,-0.020219265243389406,0.8714595539961558
-0.0830894028174964,0.9965420970232175,-0.02176812032272203,0.891684573882999
-0.06314327224661277,0.9980044725200334,0.10987768519871902,1.0447388854721398
-0.04317188520872868,0.9990676595343903,0.08254163489880299,1.0384374092244646
-0.02318322999237945,0.9997312328056578,0.08135096360006386,1.0578989664133422
-0.0031853017931379904,0.9999949269133752,0.1305478807154329,1.1273575058356702
0.016813900484349713,0.9998586363834151,0.002100384163275905,1.0187729210310406
0.03680637742582692,0.9993224157301724,0.06819529712949639,1.1043240902854956
0.05678413230707805,0.9983864794347589,-0.031026675659345606,1.0241439360824913
0.07673917429251892,0.9970512018592137,0.032416635248844215,1.1062070114005769
0.09666352163141724,0.9953171170967635,-0.013014305436768459,1.0789663332914123
0.11654920485049364,0.9931849187581926,0.00969959649927182,1.119433720107958
0.13638826994159764,0.9906554596944075,0.059515702543691366,1.1865594321796966
0.1561727815432119,0.9877297516553079,-0.08182206832334726,1.0620804648751725
0.175894826114484,0.9844089648851007,0.20923872756854603,1.3695425185681307
0.19554651510054424,0.9806944276542172,-0.1006017381499702,1.0756392046047913
0.21511998808781552,0.9765876257280235,-0.12141886127877322,1.070288752537066
0.2346074159480808,0.9720902017725331,0.11581108735000678,1.3225087050706206
0.2540010039700231,0.9672039546973639,0.07916626939629359,1.3003712280636806
0.27329299497701326,0.9619308389361962,0.062411981705215516,1.2976358156184251
0.2924756724298697,0.9562729636650278,0.06283455092642799,1.3115831870213257
0.3115413635133787,0.9502325919585293,-0.0012246772846914624,1.2605492781872165
0.3304824422053109,0.9438121398848467,-0.08972543714858316,1.1845691449415745
0.3492913323267357,0.9370141755392039,0.007580455819372634,1.2938859636853122
0.36796051057238466,0.9298414180167014,-0.06771617115121117,1.230085757437875
0.38648250951987934,0.9222967363247125,0.09751197334177512,1.406291219186367
0.4048499206165983,0.9143831482353194,-0.014705738150213865,1.3045273307017038
0.42305539714299684,0.9061038190782451,-0.08254971967925116,1.246609496541991
0.44109165715120235,0.8974620604747624,-0.03213858416529935,1.3064151334606655
0.4589514863776903,0.8884613290130915,0.04129314542756243,1.3887059608183443
0.4766277411288995,0.879105224865808,-0.05637245528039747,1.29936051071431
0.49411335113860816,0.8693974903498253,-0.08222203955664315,1.2812888019317903
0.5114013223959524,0.8593420084295141,0.02436872114919123,1.3951120519746578
0.5284847399429308,0.8489428011635725,0.024496657110872278,1.4019241982173754
0.545356770640302,0.8382040280962512,-0.05069431753711298,1.33286648119944
0.562010665900743,0.8271299845935967,-0.04710383056183228,1.3420368199325072
0.5784397643882001,0.8157251001253568,0.02320499373576363,1.4173698582493206
0.5946374946823286,0.8039939364932571,-0.1448084341497324,1.2538229970258534
0.6105973779069791,0.7919411860063358,-0.14074637743765553,1.2617921864756594
0.6263130303216559,0.7795716696040875,-0.0718444221252436,1.3340402778004998
0.6417781658749337,0.7668903349281474,-0.021344715171184726,1.3873237856318965
0.6569865987187891,0.7539022543433046,0.03109075655980046,1.4419796096218942
0.6719322456828621,0.7406126229086201,0.1475356216949552,1.5600804902864376
0.6866091287076385,0.7270267562994759,0.08576596232020195,1.4994018473273165
0.7010113772355987,0.7131500886813722,-0.015993852996342713,1.398167612920628
0.7151332305593578,0.6989881705363377,-0.001901620790268883,1.4122197803054266
0.7289690401258765,0.6845466664428059,-0.10025293646378089,1.3132627701049016
0.7425132717958017,0.6698313528098649,-0.0018513135992389931,1.4104933110064277
0.7557605080570543,0.6548481155667649,-0.028865863892013833,1.3817427597318053
0.7687054501917558,0.6396029478086307,0.03227185603380895,1.4405802540341954
0.78134292039565,0.6241019473992987,-0.0827230943552323,1.3227217734397163
0.7936678638491531,0.6083513145322546,0.05193465142411723,1.4539538298055248
0.8056753507392133,0.5923573492506409,0.1532738913002578,1.551306591290112
0.8173605782311729,0.576126448927319,-0.01087601484568576,1.3826110123128061
0.8287188723898353,0.5596651057060105,0.04017117220989415,1.4285551503057399
0.8397456900489799,0.5429799039045207,0.06901439917111125,1.4517399931246118
0.8504366206285644,0.5260775173811053,-0.04012204718858363,1.336392090821086
0.8607873878989017,0.5089647068650102,0.022409248181041678,1.3921613429449535
0.8707938516910911,0.4916483172522754,0.0012592400781794861,1.363701409021546
0.8804520095530344,0.47413527486786244,0.009767609854883173,1.36435489427578
0.8897579983503596,0.4564325846952225,-0.07730097838554666,1.2688896046600353
0.8987080958116269,0.43854732757439036,0.0024510174258942715,1.3397064408119115
0.907298722017184,0.42048665736974894,0.049799829124544975,1.377585208511478
0.9155264408310896,0.4022577981085728,0.14511436077950418,1.4628985997191666
0.9233879612755189,0.38386804109151995,0.09592708260852069,1.4031830849755595
0.9308801388471136,0.3653247419762019,0.21531824575115566,1.5115231265744713
0.9379999767747389,0.3466353178350258,-0.07673475628880495,1.2079005383209598
0.9447446272181541,0.3278072441884575,0.08723206367206782,1.3597839350786796
0.951111392407109,0.30884805201491966,0.018334200573835176,1.2782936449958637
0.9570977257204173,0.2897653247384941,0.21898029332176724,1.4658433437806786
0.9627012327045701,0.2705666951956601,-0.08082982853551515,1.152438099364715
0.9679196720314865,0.25125984258225487,-0.08397218421807762,1.1352073303956638
0.9727509563950137,0.23185248938190414,-0.05993926454440222,1.1446641812325158
0.977193153345823,0.2123523982771251,-0.2123895724309807,0.9771559791919674
0.9812444860643621,0.19276736904436365,-0.052575502168076105,1.1214363529406497
0.9849033340715608,0.17310523543418174,-0.07591326615536981,1.0820953033503726
0.9881682338770004,0.15337386203786435,0.015039378647620763,1.1565814745624856
0.9910378795642898,0.13358114114169023,0.034175597577715947,1.1587946182836961
0.9935111233134158,0.11373498957011671,0.18761708392158863,1.2948631968051212
0.9955869758598548,0.09384334551916232,0.09504238381860503,1.184472705197622
0.9972646068902659,0.0739141653812273,-0.05769036556624031,1.0134884067052528
0.998543345374605,0.05395542056264975,-0.0898414671348358,0.9626572988024189
0.9994226798345279,0.033975094295242265,0.04919191715065058,1.0825896912804207
0.9999022585479752,0.013981178443112786,-0.1320233207020642,0.8818601162890238
0.9999818896898556,-0.006018329693981597,0.18314587658543538,1.1771094365813093
0.9996615414087742,-0.026015430579440828,0.1179440120721287,1.0915901229014622
0.998941341839772,-0.04600212563953695,-0.04691756521047048,0.9060216509897645
0.9978215790530743,-0.06597042046272987,-0.17131345290908775,0.7605377056812568
0.9963027009388656,-0.08591232799733246,0.1353872374165413,1.0457776103580745
0.9943853150281404,-0.10581987174621767,-0.01145398452526179,0.877111458756661
0.992070188249698,-0.1256850889573181,0.12378163119734618,0.990166730489726
0.9893582466233818,-0.14550003380861354,-0.15944276587943673,0.6844154469353315
0.9862505748896837,-0.16525678058636012,-0.05993750229537729,0.7610562920079463
0.9827484160758618,-0.18494742685526827,0.0005243699718183166,0.7983253591924118
0.9788531709987474,-0.2045640966193654,0.004698059376474206,0.7789871337558562
0.974566397704435,-0.22409894347229967,-0.04500654714792437,0.7054609070842109
0.9698898108450863,-0.2435441537357911,0.062284993234749876,0.7886306503440451
0.9648252809930908,-0.26289194958500206,-0.10676204293825944,0.5951712884698294
0.9593748338928642,-0.28213459215955655,-0.01423794850212935,0.6630022932311783
0.9535406496505743,-0.3012643846589916,0.012029563171189887,0.6643058281627726
0.94732506186213,-0.320273675421368,0.051443883405874906,0.6784952698466369
0.9407305566797731,-0.3391548609838345,0.07116148780888898,0.6727371835048276
0.9337597718176507,-0.35790038912391375,-0.11246420918378693,0.46339517350995
0.9264154954967662,-0.3765027618802833,-0.15341141707356223,0.39650131654292065
0.9187006653297247,-0.3949545385518706,0.1277676821898509,0.6515138089677049
0.9106183671457304,-0.41324833867402755,0.033231401197959164,0.5306014296696621
0.9021718337562933,-0.43137684497062084,-0.07484865365565536,0.3959463351300171
0.893364443662152,-0.4493328062808388,0.1551151975522523,0.5991468349335655
0.8841997197019127,-0.4671090404595687,0.011567463429285867,0.4286581426716299
0.8746813276429652,-0.4846984372501522,0.11792971840638265,0.5079126087991956
0.8648130747152218,-0.5020939611283969,0.006751848141010895,0.36947096172783583
0.8545989080882805,-0.5192886541166856,0.2060747924881987,0.5413850464597937
0.8440429132926041,-0.536275638567084,0.17553408424432046,0.4833013589698405
0.833149312585366,-0.5530481199123021,-0.02489641484790735,0.25520477782515655
0.8219224632616022,-0.5695993893834334,0.09715709509543555,0.34948016897360445
0.8103668559113548,-0.585922826693367,0.06453759495851476,0.2889816241765025
0.7984871126234903,-0.6020119026848236,0.13686315575323488,0.3333383656919015
0.7862879851369292,-0.6178601819419246,-0.09649234605801045,0.07193545713699416
0.7737743529400123,-0.6334613253642761,0.06860514599984394,0.2089181735755801
0.7609512213187744,-0.6488090927025189,0.10584244868495879,0.2179845773012143
0.7478237193548898,-0.6638973450543533,-0.17587394864231143,-0.09194757434177492
0.7343970978741133,-0.6787200473200125,-0.11832585126657752,-0.06264880071247664
0.7206767273460168,-0.6932712706162248,-0.20392321777601008,-0.17651776104621808
0.706668095735878,-0.7075451946476833,-0.026940683444455778,-0.027817782356261096
0.6923768063095604,-0.7215361100350928,0.07175422557959624,0.04259492185406391
0.6778085753922867,-0.7352384205988414,0.15023570520960283,0.09280586000304814
0.662969230082182,-0.7486466455973999,0.007409478041977519,-0.07826793747324039
0.6478647059195175,-0.7617554219195404,0.1628615545571292,0.04897083855710632
0.6325010445125663,-0.7745595062295166,-0.13801014582148916,-0.28006860753843954
0.6168843911210448,-0.7870537770643236,-0.17033824393551547,-0.34050762987879424
0.6010209921980904,-0.7992332368822151,-0.005554769889661878,-0.20376701457378668
0.5849171928917617,-0.811093014061656,0.03840654489393073,-0.1877692762759636
0.5685794345070696,-0.8226283648499004,-0.0032694748094093114,-0.25731840515224014
0.5520142519295329,-0.8338346752604369,-0.20674421000398768,-0.48856463333489164
0.5352282710113162,-0.8447074629185166,-0.00891200395127884,-0.31839119585847925
0.5182282059209752,-0.8552423788540459,-0.13044695005048532,-0.467461122983556
0.5010208564578846,-0.8654352092411123,0.06696725488300385,-0.2974470979002238
0.4836131053324,-0.8752818770834644,0.03665982460968483,-0.3550089471413796
0.4660119154128711,-0.8847784438452527,-0.09398797863273553,-0.5127545070651172
0.4482243269405849,-0.8939211110263924,-0.05138669173366936,-0.49708347581947687
0.4302574547137687,-0.9027062216819098,-0.10592135218889516,-0.5783701191570363
0.4121184852417566,-0.9111302618846769,-0.006267909727317188,-0.5052796863702376
0.39381467387048763,-0.9191898621309318,0.09551423205012383,-0.42986095621032033
0.3753533418804611,-0.9268817986880364,-0.09857260463355438,-0.6501010614411298
0.3567418735583286,-0.9342029948839243,0.050404651551784446,-0.5270564697738114
0.3379877132432676,-0.9411505223377324,-0.053025761837244084,-0.6561885709317089
0.3190983623493521,-0.9477216021311119,-0.07928728322623442,-0.7079105230079942
0.30008137636508325,-0.9539136059197589,-0.010703035995455783,-0.6645352655501314
0.2809443618313018,-0.9597240569847161,-0.10352423224193741,-0.7823039273953517
0.2616949732986626,-0.9651506312230295,-0.05536493053471821,-0.7588205884590852
0.24234091026592378,-0.9701911580773572,-0.11978778925888485,-0.8476380370703184
0.22288991410024592,-0.974843621404164,0.19647251329163895,-0.5554811940122791
0.20334976494075557,-0.9791061602801503,0.0035263551971728615,-0.7722300401422219
0.183728278586583,-0.9829770697465994,-0.06997255079925856,-0.8692213419592749
0.1640333033706535,-0.986454801491336,0.021397991073422204,-0.8010235070472603
0.14427271702045727,-0.9895379644680314,-0.011232804969082983,-0.8564980524166571
0.1244544235070617,-0.9922253254526034,-0.0220969599533223,-0.889867861898864
0.10458634988363526,-0.9945158095364889,0.061416670004342526,-0.8285127896485112
0.08467644311472142,-0.9964085005565937,0.07575077100473052,-0.8359812864371418
0.06473266689756589,-0.9979026414617453,-0.05305011476105275,-0.9862200893252322
0.04476299847674028,-0.9989976346155036,-0.057581824064468004,-1.0118164602032313
0.024775425453357765,-0.9996930420352065,-0.027505169715164403,-1.0024227862970132
0.0047779425901285115,-0.9999885855671581,-0.2301921164735585,-1.225402759450588
-0.015221451386431743,-0.9998841469978862,-0.15151910621985523,-1.1666247046041733
-0.03521475698538918,-0.999379768101426,0.13668742674445247,-0.8979070983423627
-0.05519397715107451,-0.9984756506226111,0.16449677135012838,-0.8891728564235573
-0.0751511204618093,-0.9971721561963784,-0.024903603955637833,-1.0972268806138257
-0.09507820432636095,-0.9954698062031188,0.05765569630557665,-1.0328923142239033
-0.11496725817687631,-0.9933692815601314,0.031125015454353613,-1.077211524282654
-0.1348103266569955,-0.9908714224492672,0.30788808084552377,-0.817793668260739
-0.15459947280389894,-0.9879772279808662,0.11195749114345768,-1.0306192096413074
-0.17432678122297965,-0.984687855794127,-0.012791759148076655,-1.1718063961651832
-0.19398436125389898,-0.9810046215940661,-0.09555404406004259,-1.2705430269080078
-0.2135643501267387,-0.9769289986252552,-0.16064463202575727,-1.3511379807777513
-0.2330589161070144,-0.9724626170825404,0.020346363586722312,-1.1851751696028325
-0.2524602616282581,-0.9676072634589881,-0.07563507452843034,-1.2957025996156766
-0.2717606264109442,-0.9623648798313097,-0.14222537095976742,-1.3763508772020212
-0.2909522905664908,-0.95673756308306,-0.06465728842425265,-1.3123471420738035
-0.310027577685123,-0.9507275640659079,-0.1081548003614395,-1.3689099421124704
-0.32897885790632714,-0.9443372866993279,0.1687141635072565,-1.1046019810983987
-0.347798550970695,-0.9375692870090642,0.08816397569494505,-1.1972038622848142
-0.3664791292519284,-0.9304262721047533,-0.0007972641316617373,-1.2977026654883435
-0.38501312076778266,-0.9229110990971193,0.14799441388900259,-1.1599298059758993
-0.4033931121687696,-0.9150267739551639,0.00773683076476183,-1.3106830553591715
-0.42161175170339216,-0.9067764503038206,-0.08612842013282637,-1.414516622140039
-0.43966175215875003,-0.8981634281625465,0.15231240772696575,-1.1855127725943309
-0.45753589377532133,-0.8891911526253609,0.05389100436846587,-1.2928360420322162
-0.4752270271347798,-0.8798632124828492,-0.10372461543264565,-1.4588148550502746
-0.49272807601966023,-0.8701833387866973,-0.01903386780836082,-1.3819452826147183
-0.5100320402437544,-0.8601554033573197,-0.08756182533847573,-1.45774926893955
-0.527131998452086,-0.8497834172351859,-0.1382799730964336,-1.5151953887837057
